login,id,node_id,avatar_url,gravatar_id,url,html_url,followers_url,following_url,gists_url,starred_url,subscriptions_url,organizations_url,repos_url,events_url,received_events_url,type,site_admin
jbrockmendel,8078968,MDQ6VXNlcjgwNzg5Njg=,https://avatars.githubusercontent.com/u/8078968?v=4,,https://api.github.com/users/jbrockmendel,https://github.com/jbrockmendel,https://api.github.com/users/jbrockmendel/followers,https://api.github.com/users/jbrockmendel/following{/other_user},https://api.github.com/users/jbrockmendel/gists{/gist_id},https://api.github.com/users/jbrockmendel/starred{/owner}{/repo},https://api.github.com/users/jbrockmendel/subscriptions,https://api.github.com/users/jbrockmendel/orgs,https://api.github.com/users/jbrockmendel/repos,https://api.github.com/users/jbrockmendel/events{/privacy},https://api.github.com/users/jbrockmendel/received_events,User,False
lukemanley,8519523,MDQ6VXNlcjg1MTk1MjM=,https://avatars.githubusercontent.com/u/8519523?v=4,,https://api.github.com/users/lukemanley,https://github.com/lukemanley,https://api.github.com/users/lukemanley/followers,https://api.github.com/users/lukemanley/following{/other_user},https://api.github.com/users/lukemanley/gists{/gist_id},https://api.github.com/users/lukemanley/starred{/owner}{/repo},https://api.github.com/users/lukemanley/subscriptions,https://api.github.com/users/lukemanley/orgs,https://api.github.com/users/lukemanley/repos,https://api.github.com/users/lukemanley/events{/privacy},https://api.github.com/users/lukemanley/received_events,User,False
lukemanley,8519523,MDQ6VXNlcjg1MTk1MjM=,https://avatars.githubusercontent.com/u/8519523?v=4,,https://api.github.com/users/lukemanley,https://github.com/lukemanley,https://api.github.com/users/lukemanley/followers,https://api.github.com/users/lukemanley/following{/other_user},https://api.github.com/users/lukemanley/gists{/gist_id},https://api.github.com/users/lukemanley/starred{/owner}{/repo},https://api.github.com/users/lukemanley/subscriptions,https://api.github.com/users/lukemanley/orgs,https://api.github.com/users/lukemanley/repos,https://api.github.com/users/lukemanley/events{/privacy},https://api.github.com/users/lukemanley/received_events,User,False
lukemanley,8519523,MDQ6VXNlcjg1MTk1MjM=,https://avatars.githubusercontent.com/u/8519523?v=4,,https://api.github.com/users/lukemanley,https://github.com/lukemanley,https://api.github.com/users/lukemanley/followers,https://api.github.com/users/lukemanley/following{/other_user},https://api.github.com/users/lukemanley/gists{/gist_id},https://api.github.com/users/lukemanley/starred{/owner}{/repo},https://api.github.com/users/lukemanley/subscriptions,https://api.github.com/users/lukemanley/orgs,https://api.github.com/users/lukemanley/repos,https://api.github.com/users/lukemanley/events{/privacy},https://api.github.com/users/lukemanley/received_events,User,False
mroeschke,10647082,MDQ6VXNlcjEwNjQ3MDgy,https://avatars.githubusercontent.com/u/10647082?v=4,,https://api.github.com/users/mroeschke,https://github.com/mroeschke,https://api.github.com/users/mroeschke/followers,https://api.github.com/users/mroeschke/following{/other_user},https://api.github.com/users/mroeschke/gists{/gist_id},https://api.github.com/users/mroeschke/starred{/owner}{/repo},https://api.github.com/users/mroeschke/subscriptions,https://api.github.com/users/mroeschke/orgs,https://api.github.com/users/mroeschke/repos,https://api.github.com/users/mroeschke/events{/privacy},https://api.github.com/users/mroeschke/received_events,User,False
lukemanley,8519523,MDQ6VXNlcjg1MTk1MjM=,https://avatars.githubusercontent.com/u/8519523?v=4,,https://api.github.com/users/lukemanley,https://github.com/lukemanley,https://api.github.com/users/lukemanley/followers,https://api.github.com/users/lukemanley/following{/other_user},https://api.github.com/users/lukemanley/gists{/gist_id},https://api.github.com/users/lukemanley/starred{/owner}{/repo},https://api.github.com/users/lukemanley/subscriptions,https://api.github.com/users/lukemanley/orgs,https://api.github.com/users/lukemanley/repos,https://api.github.com/users/lukemanley/events{/privacy},https://api.github.com/users/lukemanley/received_events,User,False
mroeschke,10647082,MDQ6VXNlcjEwNjQ3MDgy,https://avatars.githubusercontent.com/u/10647082?v=4,,https://api.github.com/users/mroeschke,https://github.com/mroeschke,https://api.github.com/users/mroeschke/followers,https://api.github.com/users/mroeschke/following{/other_user},https://api.github.com/users/mroeschke/gists{/gist_id},https://api.github.com/users/mroeschke/starred{/owner}{/repo},https://api.github.com/users/mroeschke/subscriptions,https://api.github.com/users/mroeschke/orgs,https://api.github.com/users/mroeschke/repos,https://api.github.com/users/mroeschke/events{/privacy},https://api.github.com/users/mroeschke/received_events,User,False
jbrockmendel,8078968,MDQ6VXNlcjgwNzg5Njg=,https://avatars.githubusercontent.com/u/8078968?v=4,,https://api.github.com/users/jbrockmendel,https://github.com/jbrockmendel,https://api.github.com/users/jbrockmendel/followers,https://api.github.com/users/jbrockmendel/following{/other_user},https://api.github.com/users/jbrockmendel/gists{/gist_id},https://api.github.com/users/jbrockmendel/starred{/owner}{/repo},https://api.github.com/users/jbrockmendel/subscriptions,https://api.github.com/users/jbrockmendel/orgs,https://api.github.com/users/jbrockmendel/repos,https://api.github.com/users/jbrockmendel/events{/privacy},https://api.github.com/users/jbrockmendel/received_events,User,False
mroeschke,10647082,MDQ6VXNlcjEwNjQ3MDgy,https://avatars.githubusercontent.com/u/10647082?v=4,,https://api.github.com/users/mroeschke,https://github.com/mroeschke,https://api.github.com/users/mroeschke/followers,https://api.github.com/users/mroeschke/following{/other_user},https://api.github.com/users/mroeschke/gists{/gist_id},https://api.github.com/users/mroeschke/starred{/owner}{/repo},https://api.github.com/users/mroeschke/subscriptions,https://api.github.com/users/mroeschke/orgs,https://api.github.com/users/mroeschke/repos,https://api.github.com/users/mroeschke/events{/privacy},https://api.github.com/users/mroeschke/received_events,User,False
DeaMariaLeon,11835246,MDQ6VXNlcjExODM1MjQ2,https://avatars.githubusercontent.com/u/11835246?v=4,,https://api.github.com/users/DeaMariaLeon,https://github.com/DeaMariaLeon,https://api.github.com/users/DeaMariaLeon/followers,https://api.github.com/users/DeaMariaLeon/following{/other_user},https://api.github.com/users/DeaMariaLeon/gists{/gist_id},https://api.github.com/users/DeaMariaLeon/starred{/owner}{/repo},https://api.github.com/users/DeaMariaLeon/subscriptions,https://api.github.com/users/DeaMariaLeon/orgs,https://api.github.com/users/DeaMariaLeon/repos,https://api.github.com/users/DeaMariaLeon/events{/privacy},https://api.github.com/users/DeaMariaLeon/received_events,User,False
DeaMariaLeon,11835246,MDQ6VXNlcjExODM1MjQ2,https://avatars.githubusercontent.com/u/11835246?v=4,,https://api.github.com/users/DeaMariaLeon,https://github.com/DeaMariaLeon,https://api.github.com/users/DeaMariaLeon/followers,https://api.github.com/users/DeaMariaLeon/following{/other_user},https://api.github.com/users/DeaMariaLeon/gists{/gist_id},https://api.github.com/users/DeaMariaLeon/starred{/owner}{/repo},https://api.github.com/users/DeaMariaLeon/subscriptions,https://api.github.com/users/DeaMariaLeon/orgs,https://api.github.com/users/DeaMariaLeon/repos,https://api.github.com/users/DeaMariaLeon/events{/privacy},https://api.github.com/users/DeaMariaLeon/received_events,User,False
dannyi96,15380498,MDQ6VXNlcjE1MzgwNDk4,https://avatars.githubusercontent.com/u/15380498?v=4,,https://api.github.com/users/dannyi96,https://github.com/dannyi96,https://api.github.com/users/dannyi96/followers,https://api.github.com/users/dannyi96/following{/other_user},https://api.github.com/users/dannyi96/gists{/gist_id},https://api.github.com/users/dannyi96/starred{/owner}{/repo},https://api.github.com/users/dannyi96/subscriptions,https://api.github.com/users/dannyi96/orgs,https://api.github.com/users/dannyi96/repos,https://api.github.com/users/dannyi96/events{/privacy},https://api.github.com/users/dannyi96/received_events,User,False
DavidToneian,25615622,MDQ6VXNlcjI1NjE1NjIy,https://avatars.githubusercontent.com/u/25615622?v=4,,https://api.github.com/users/DavidToneian,https://github.com/DavidToneian,https://api.github.com/users/DavidToneian/followers,https://api.github.com/users/DavidToneian/following{/other_user},https://api.github.com/users/DavidToneian/gists{/gist_id},https://api.github.com/users/DavidToneian/starred{/owner}{/repo},https://api.github.com/users/DavidToneian/subscriptions,https://api.github.com/users/DavidToneian/orgs,https://api.github.com/users/DavidToneian/repos,https://api.github.com/users/DavidToneian/events{/privacy},https://api.github.com/users/DavidToneian/received_events,User,False
mroeschke,10647082,MDQ6VXNlcjEwNjQ3MDgy,https://avatars.githubusercontent.com/u/10647082?v=4,,https://api.github.com/users/mroeschke,https://github.com/mroeschke,https://api.github.com/users/mroeschke/followers,https://api.github.com/users/mroeschke/following{/other_user},https://api.github.com/users/mroeschke/gists{/gist_id},https://api.github.com/users/mroeschke/starred{/owner}{/repo},https://api.github.com/users/mroeschke/subscriptions,https://api.github.com/users/mroeschke/orgs,https://api.github.com/users/mroeschke/repos,https://api.github.com/users/mroeschke/events{/privacy},https://api.github.com/users/mroeschke/received_events,User,False
NMAC427,9914734,MDQ6VXNlcjk5MTQ3MzQ=,https://avatars.githubusercontent.com/u/9914734?v=4,,https://api.github.com/users/NMAC427,https://github.com/NMAC427,https://api.github.com/users/NMAC427/followers,https://api.github.com/users/NMAC427/following{/other_user},https://api.github.com/users/NMAC427/gists{/gist_id},https://api.github.com/users/NMAC427/starred{/owner}{/repo},https://api.github.com/users/NMAC427/subscriptions,https://api.github.com/users/NMAC427/orgs,https://api.github.com/users/NMAC427/repos,https://api.github.com/users/NMAC427/events{/privacy},https://api.github.com/users/NMAC427/received_events,User,False
pgorczak,1765698,MDQ6VXNlcjE3NjU2OTg=,https://avatars.githubusercontent.com/u/1765698?v=4,,https://api.github.com/users/pgorczak,https://github.com/pgorczak,https://api.github.com/users/pgorczak/followers,https://api.github.com/users/pgorczak/following{/other_user},https://api.github.com/users/pgorczak/gists{/gist_id},https://api.github.com/users/pgorczak/starred{/owner}{/repo},https://api.github.com/users/pgorczak/subscriptions,https://api.github.com/users/pgorczak/orgs,https://api.github.com/users/pgorczak/repos,https://api.github.com/users/pgorczak/events{/privacy},https://api.github.com/users/pgorczak/received_events,User,False
XytHu,9063883,MDQ6VXNlcjkwNjM4ODM=,https://avatars.githubusercontent.com/u/9063883?v=4,,https://api.github.com/users/XytHu,https://github.com/XytHu,https://api.github.com/users/XytHu/followers,https://api.github.com/users/XytHu/following{/other_user},https://api.github.com/users/XytHu/gists{/gist_id},https://api.github.com/users/XytHu/starred{/owner}{/repo},https://api.github.com/users/XytHu/subscriptions,https://api.github.com/users/XytHu/orgs,https://api.github.com/users/XytHu/repos,https://api.github.com/users/XytHu/events{/privacy},https://api.github.com/users/XytHu/received_events,User,False
lithomas1,47963215,MDQ6VXNlcjQ3OTYzMjE1,https://avatars.githubusercontent.com/u/47963215?v=4,,https://api.github.com/users/lithomas1,https://github.com/lithomas1,https://api.github.com/users/lithomas1/followers,https://api.github.com/users/lithomas1/following{/other_user},https://api.github.com/users/lithomas1/gists{/gist_id},https://api.github.com/users/lithomas1/starred{/owner}{/repo},https://api.github.com/users/lithomas1/subscriptions,https://api.github.com/users/lithomas1/orgs,https://api.github.com/users/lithomas1/repos,https://api.github.com/users/lithomas1/events{/privacy},https://api.github.com/users/lithomas1/received_events,User,False
davidgilbertson,4443482,MDQ6VXNlcjQ0NDM0ODI=,https://avatars.githubusercontent.com/u/4443482?v=4,,https://api.github.com/users/davidgilbertson,https://github.com/davidgilbertson,https://api.github.com/users/davidgilbertson/followers,https://api.github.com/users/davidgilbertson/following{/other_user},https://api.github.com/users/davidgilbertson/gists{/gist_id},https://api.github.com/users/davidgilbertson/starred{/owner}{/repo},https://api.github.com/users/davidgilbertson/subscriptions,https://api.github.com/users/davidgilbertson/orgs,https://api.github.com/users/davidgilbertson/repos,https://api.github.com/users/davidgilbertson/events{/privacy},https://api.github.com/users/davidgilbertson/received_events,User,False
jbrockmendel,8078968,MDQ6VXNlcjgwNzg5Njg=,https://avatars.githubusercontent.com/u/8078968?v=4,,https://api.github.com/users/jbrockmendel,https://github.com/jbrockmendel,https://api.github.com/users/jbrockmendel/followers,https://api.github.com/users/jbrockmendel/following{/other_user},https://api.github.com/users/jbrockmendel/gists{/gist_id},https://api.github.com/users/jbrockmendel/starred{/owner}{/repo},https://api.github.com/users/jbrockmendel/subscriptions,https://api.github.com/users/jbrockmendel/orgs,https://api.github.com/users/jbrockmendel/repos,https://api.github.com/users/jbrockmendel/events{/privacy},https://api.github.com/users/jbrockmendel/received_events,User,False
strpeter,2798595,MDQ6VXNlcjI3OTg1OTU=,https://avatars.githubusercontent.com/u/2798595?v=4,,https://api.github.com/users/strpeter,https://github.com/strpeter,https://api.github.com/users/strpeter/followers,https://api.github.com/users/strpeter/following{/other_user},https://api.github.com/users/strpeter/gists{/gist_id},https://api.github.com/users/strpeter/starred{/owner}{/repo},https://api.github.com/users/strpeter/subscriptions,https://api.github.com/users/strpeter/orgs,https://api.github.com/users/strpeter/repos,https://api.github.com/users/strpeter/events{/privacy},https://api.github.com/users/strpeter/received_events,User,False
maread99,56914820,MDQ6VXNlcjU2OTE0ODIw,https://avatars.githubusercontent.com/u/56914820?v=4,,https://api.github.com/users/maread99,https://github.com/maread99,https://api.github.com/users/maread99/followers,https://api.github.com/users/maread99/following{/other_user},https://api.github.com/users/maread99/gists{/gist_id},https://api.github.com/users/maread99/starred{/owner}{/repo},https://api.github.com/users/maread99/subscriptions,https://api.github.com/users/maread99/orgs,https://api.github.com/users/maread99/repos,https://api.github.com/users/maread99/events{/privacy},https://api.github.com/users/maread99/received_events,User,False
natalymr,31903015,MDQ6VXNlcjMxOTAzMDE1,https://avatars.githubusercontent.com/u/31903015?v=4,,https://api.github.com/users/natalymr,https://github.com/natalymr,https://api.github.com/users/natalymr/followers,https://api.github.com/users/natalymr/following{/other_user},https://api.github.com/users/natalymr/gists{/gist_id},https://api.github.com/users/natalymr/starred{/owner}{/repo},https://api.github.com/users/natalymr/subscriptions,https://api.github.com/users/natalymr/orgs,https://api.github.com/users/natalymr/repos,https://api.github.com/users/natalymr/events{/privacy},https://api.github.com/users/natalymr/received_events,User,False
phelps-sg,4571777,MDQ6VXNlcjQ1NzE3Nzc=,https://avatars.githubusercontent.com/u/4571777?v=4,,https://api.github.com/users/phelps-sg,https://github.com/phelps-sg,https://api.github.com/users/phelps-sg/followers,https://api.github.com/users/phelps-sg/following{/other_user},https://api.github.com/users/phelps-sg/gists{/gist_id},https://api.github.com/users/phelps-sg/starred{/owner}{/repo},https://api.github.com/users/phelps-sg/subscriptions,https://api.github.com/users/phelps-sg/orgs,https://api.github.com/users/phelps-sg/repos,https://api.github.com/users/phelps-sg/events{/privacy},https://api.github.com/users/phelps-sg/received_events,User,False
randolf-scholz,39696536,MDQ6VXNlcjM5Njk2NTM2,https://avatars.githubusercontent.com/u/39696536?v=4,,https://api.github.com/users/randolf-scholz,https://github.com/randolf-scholz,https://api.github.com/users/randolf-scholz/followers,https://api.github.com/users/randolf-scholz/following{/other_user},https://api.github.com/users/randolf-scholz/gists{/gist_id},https://api.github.com/users/randolf-scholz/starred{/owner}{/repo},https://api.github.com/users/randolf-scholz/subscriptions,https://api.github.com/users/randolf-scholz/orgs,https://api.github.com/users/randolf-scholz/repos,https://api.github.com/users/randolf-scholz/events{/privacy},https://api.github.com/users/randolf-scholz/received_events,User,False
randolf-scholz,39696536,MDQ6VXNlcjM5Njk2NTM2,https://avatars.githubusercontent.com/u/39696536?v=4,,https://api.github.com/users/randolf-scholz,https://github.com/randolf-scholz,https://api.github.com/users/randolf-scholz/followers,https://api.github.com/users/randolf-scholz/following{/other_user},https://api.github.com/users/randolf-scholz/gists{/gist_id},https://api.github.com/users/randolf-scholz/starred{/owner}{/repo},https://api.github.com/users/randolf-scholz/subscriptions,https://api.github.com/users/randolf-scholz/orgs,https://api.github.com/users/randolf-scholz/repos,https://api.github.com/users/randolf-scholz/events{/privacy},https://api.github.com/users/randolf-scholz/received_events,User,False
QuLogic,302469,MDQ6VXNlcjMwMjQ2OQ==,https://avatars.githubusercontent.com/u/302469?v=4,,https://api.github.com/users/QuLogic,https://github.com/QuLogic,https://api.github.com/users/QuLogic/followers,https://api.github.com/users/QuLogic/following{/other_user},https://api.github.com/users/QuLogic/gists{/gist_id},https://api.github.com/users/QuLogic/starred{/owner}{/repo},https://api.github.com/users/QuLogic/subscriptions,https://api.github.com/users/QuLogic/orgs,https://api.github.com/users/QuLogic/repos,https://api.github.com/users/QuLogic/events{/privacy},https://api.github.com/users/QuLogic/received_events,User,False
gsiano,355612,MDQ6VXNlcjM1NTYxMg==,https://avatars.githubusercontent.com/u/355612?v=4,,https://api.github.com/users/gsiano,https://github.com/gsiano,https://api.github.com/users/gsiano/followers,https://api.github.com/users/gsiano/following{/other_user},https://api.github.com/users/gsiano/gists{/gist_id},https://api.github.com/users/gsiano/starred{/owner}{/repo},https://api.github.com/users/gsiano/subscriptions,https://api.github.com/users/gsiano/orgs,https://api.github.com/users/gsiano/repos,https://api.github.com/users/gsiano/events{/privacy},https://api.github.com/users/gsiano/received_events,User,False
luke396,77875500,MDQ6VXNlcjc3ODc1NTAw,https://avatars.githubusercontent.com/u/77875500?v=4,,https://api.github.com/users/luke396,https://github.com/luke396,https://api.github.com/users/luke396/followers,https://api.github.com/users/luke396/following{/other_user},https://api.github.com/users/luke396/gists{/gist_id},https://api.github.com/users/luke396/starred{/owner}{/repo},https://api.github.com/users/luke396/subscriptions,https://api.github.com/users/luke396/orgs,https://api.github.com/users/luke396/repos,https://api.github.com/users/luke396/events{/privacy},https://api.github.com/users/luke396/received_events,User,False
harikirank,58730670,MDQ6VXNlcjU4NzMwNjcw,https://avatars.githubusercontent.com/u/58730670?v=4,,https://api.github.com/users/harikirank,https://github.com/harikirank,https://api.github.com/users/harikirank/followers,https://api.github.com/users/harikirank/following{/other_user},https://api.github.com/users/harikirank/gists{/gist_id},https://api.github.com/users/harikirank/starred{/owner}{/repo},https://api.github.com/users/harikirank/subscriptions,https://api.github.com/users/harikirank/orgs,https://api.github.com/users/harikirank/repos,https://api.github.com/users/harikirank/events{/privacy},https://api.github.com/users/harikirank/received_events,User,False
