repository_name,owner_username,stars,repository_url
vee-validate,logaretm,9500,https://github.com/logaretm/vee-validate
buefy,buefy,9400,https://github.com/buefy/buefy
vuestic-admin,epicmaxco,9100,https://github.com/epicmaxco/vuestic-admin
gridea,getgridea,9000,https://github.com/getgridea/gridea
cube-ui,didi,9000,https://github.com/didi/cube-ui
formily,alibaba,9000,https://github.com/alibaba/formily
chameleon,didi,9000,https://github.com/didi/chameleon
easy-mock,easy-mock,8900,https://github.com/easy-mock/easy-mock
dashy,Lissy93,8800,https://github.com/Lissy93/dashy
OnsenUI,OnsenUI,8700,https://github.com/OnsenUI/OnsenUI
gridsome,gridsome,8400,https://github.com/gridsome/gridsome
ruoyi-vue-pro,YunaiV,8400,https://github.com/YunaiV/ruoyi-vue-pro
vue-native-core,GeekyAnts,8400,https://github.com/GeekyAnts/vue-native-core
rematch,rematch,8300,https://github.com/rematch/rematch
muse-ui,museui,8300,https://github.com/museui/muse-ui
text-mask,text-mask,8200,https://github.com/text-mask/text-mask
vue-echarts,ecomfe,7800,https://github.com/ecomfe/vue-echarts
vue-lazyload,hilongjw,7800,https://github.com/hilongjw/vue-lazyload
mitosis,BuilderIO,7800,https://github.com/BuilderIO/mitosis
vue-enterprise-boilerplate,bencodezen,7600,https://github.com/bencodezen/vue-enterprise-boilerplate
